Order_ID,Order_Date,Product,Category,Quantity,Unit_Price,Discount_Pct,Total_Price,Cost,Profit,Customer_Type,Region,Sales_Channel,Payment_Method,Order_Status
ORD-0001,2024-04-14,Wireless Mouse,Electronics,5,49,10,220.5,125,95.5,Returning,North,Mobile App,Credit Card,Completed
ORD-0002,2024-01-28,Bluetooth Speaker,Electronics,4,79,0,316.0,160,156.0,VIP,South,Mobile App,Bank Transfer,Completed
ORD-0003,2024-01-07,Cookbook Deluxe,Books,5,42,0,210.0,90,120.0,Returning,South,Mobile App,Cash,Completed
ORD-0004,2024-04-09,Denim Jacket,Clothing,6,80,20,384.0,210,174.0,VIP,East,In-Store,Cash,Cancelled
ORD-0005,2024-03-21,HDMI Cable 6ft,Electronics,9,18,20,129.6,72,57.6,VIP,East,Mobile App,Cash,Completed
ORD-0006,2024-10-23,Cotton T-Shirt,Clothing,1,25,0,25.0,10,15.0,New,North,Online,Bank Transfer,Completed
ORD-0007,2024-08-02,Business Strategy,Books,3,35,0,105.0,36,69.0,VIP,East,Mobile App,Credit Card,Completed
ORD-0008,2024-10-03,Slim Chinos,Clothing,4,55,20,176.0,80,96.0,Returning,South,Mobile App,Credit Card,Completed
ORD-0009,2024-11-18,USB-C Hub,Electronics,7,59,10,371.7,210,161.7,Returning,South,Mobile App,Bank Transfer,Returned
ORD-0010,2024-09-26,Data Science 101,Books,5,49,25,183.75,100,83.75,Returning,West,Mobile App,Cash,Completed
ORD-0011,2024-04-22,Slim Chinos,Clothing,8,55,5,418.0,160,258.0,New,South,Mobile App,Bank Transfer,Completed
ORD-0012,2025-04-24,HDMI Cable 6ft,Electronics,7,18,0,126.0,56,70.0,New,East,Mobile App,Credit Card,Returned
ORD-0013,2024-06-10,Water Bottle 1L,Sports,6,15,20,72.0,30,42.0,VIP,West,Online,Cash,Completed
ORD-0014,2024-11-01,Slim Chinos,Clothing,2,55,0,110.0,40,70.0,Returning,South,Online,PayPal,Completed
ORD-0015,2024-01-20,Yoga Mat,Sports,10,29,0,290.0,120,170.0,Returning,North,In-Store,PayPal,Completed
ORD-0016,2024-03-11,Slim Chinos,Clothing,2,55,20,88.0,40,48.0,VIP,South,Online,Bank Transfer,Completed
ORD-0017,2025-03-09,Running Shoes,Clothing,9,95,0,855.0,270,585.0,VIP,South,Mobile App,PayPal,Returned
ORD-0018,2025-04-07,Bamboo Cutting Board,Home & Kitchen,6,22,0,132.0,48,84.0,New,North,Online,Credit Card,Completed
ORD-0019,2024-01-08,Laptop Stand,Electronics,9,69,10,558.9,315,243.9,VIP,North,Mobile App,Credit Card,Completed
ORD-0020,2024-10-12,Wireless Mouse,Electronics,6,49,10,264.6,150,114.6,VIP,West,Online,PayPal,Returned
ORD-0021,2025-02-20,Foam Roller,Sports,8,34,20,217.6,120,97.6,New,South,Online,Bank Transfer,Completed
ORD-0022,2024-02-25,Machine Learning,Books,8,59,0,472.0,200,272.0,Returning,North,Online,Cash,Cancelled
ORD-0023,2024-05-23,Bluetooth Speaker,Electronics,4,79,20,252.8,160,92.8,Returning,West,Online,Bank Transfer,Completed
ORD-0024,2024-01-16,HDMI Cable 6ft,Electronics,9,18,25,121.5,72,49.5,New,North,Online,Bank Transfer,Completed
ORD-0025,2024-06-17,Data Science 101,Books,7,49,0,343.0,140,203.0,Returning,West,Online,Cash,Cancelled
ORD-0026,2025-05-13,Business Strategy,Books,7,35,0,245.0,84,161.0,Returning,South,Online,PayPal,Completed
ORD-0027,2024-02-28,Foam Roller,Sports,1,34,0,34.0,15,19.0,Returning,North,Mobile App,PayPal,Completed
ORD-0028,2024-08-28,Yoga Mat,Sports,3,29,5,82.65,36,46.65,VIP,West,Online,PayPal,Completed
ORD-0029,2024-11-19,Yoga Mat,Sports,10,29,25,217.5,120,97.5,VIP,East,Online,Cash,Completed
ORD-0030,2024-11-03,Bamboo Cutting Board,Home & Kitchen,3,22,0,66.0,24,42.0,New,West,In-Store,Credit Card,Completed
ORD-0031,2024-09-28,Foam Roller,Sports,2,34,10,61.2,30,31.2,New,South,In-Store,PayPal,Completed
ORD-0032,2024-11-05,Stainless Bottle,Home & Kitchen,8,28,0,224.0,80,144.0,VIP,North,Mobile App,Cash,Returned
ORD-0033,2024-06-08,Bluetooth Speaker,Electronics,5,79,5,375.25,200,175.25,VIP,East,In-Store,PayPal,Returned
ORD-0034,2024-09-14,Stainless Bottle,Home & Kitchen,5,28,0,140.0,50,90.0,VIP,North,Online,Bank Transfer,Cancelled
ORD-0035,2024-05-13,Coffee Maker,Home & Kitchen,1,89,0,89.0,45,44.0,VIP,East,Online,Bank Transfer,Completed
ORD-0036,2024-02-06,Cookbook Deluxe,Books,1,42,10,37.8,18,19.8,VIP,East,Mobile App,PayPal,Completed
ORD-0037,2024-02-10,Cotton T-Shirt,Clothing,5,25,0,125.0,50,75.0,VIP,East,Online,PayPal,Returned
ORD-0038,2025-02-20,USB-C Hub,Electronics,9,59,0,531.0,270,261.0,New,South,Online,PayPal,Completed
ORD-0039,2025-02-25,Bluetooth Speaker,Electronics,6,79,0,474.0,240,234.0,New,South,In-Store,Credit Card,Completed
ORD-0040,2024-12-24,HDMI Cable 6ft,Electronics,4,18,20,57.6,32,25.6,New,East,Online,Credit Card,Returned
ORD-0041,2024-10-12,Wool Scarf,Clothing,6,29,5,165.3,72,93.3,VIP,East,Mobile App,Bank Transfer,Returned
ORD-0042,2024-07-01,Water Bottle 1L,Sports,1,15,15,12.75,5,7.75,New,East,Online,Bank Transfer,Completed
ORD-0043,2024-04-28,Bamboo Cutting Board,Home & Kitchen,10,22,0,220.0,80,140.0,New,West,Mobile App,Cash,Completed
ORD-0044,2024-07-20,Python Programming,Books,9,39,0,351.0,135,216.0,New,East,In-Store,Cash,Completed
ORD-0045,2025-02-22,Coffee Maker,Home & Kitchen,5,89,0,445.0,225,220.0,VIP,East,In-Store,Cash,Completed
ORD-0046,2025-01-23,Denim Jacket,Clothing,7,80,0,560.0,245,315.0,VIP,South,Mobile App,Cash,Completed
ORD-0047,2024-11-25,Yoga Mat,Sports,5,29,20,116.0,60,56.0,Returning,West,In-Store,PayPal,Completed
ORD-0048,2024-12-09,Data Science 101,Books,2,49,25,73.5,40,33.5,VIP,North,Online,Cash,Completed
ORD-0049,2024-03-15,Denim Jacket,Clothing,1,80,20,64.0,35,29.0,VIP,West,In-Store,PayPal,Returned
ORD-0050,2024-04-19,Machine Learning,Books,7,59,5,392.35,175,217.35,New,West,Online,Bank Transfer,Completed
ORD-0051,2025-04-20,Resistance Bands,Sports,2,19,0,38.0,16,22.0,VIP,East,In-Store,Bank Transfer,Cancelled
ORD-0052,2025-05-01,Jump Rope,Sports,3,12,0,36.0,12,24.0,New,West,In-Store,Cash,Cancelled
ORD-0053,2024-10-19,Jump Rope,Sports,4,12,5,45.6,16,29.6,Returning,South,In-Store,Cash,Completed
ORD-0054,2024-08-07,Bluetooth Speaker,Electronics,3,79,10,213.3,120,93.3,Returning,North,In-Store,Cash,Completed
ORD-0055,2025-02-02,Machine Learning,Books,1,59,20,47.2,25,22.2,Returning,North,Mobile App,Bank Transfer,Completed
ORD-0056,2025-03-05,Chef Knife Set,Home & Kitchen,7,75,0,525.0,210,315.0,New,South,In-Store,Cash,Completed
ORD-0057,2025-02-18,Python Programming,Books,7,39,0,273.0,105,168.0,New,South,In-Store,Credit Card,Completed
ORD-0058,2024-05-18,Foam Roller,Sports,1,34,20,27.2,15,12.2,New,West,Online,Cash,Completed
ORD-0059,2025-01-23,Stainless Bottle,Home & Kitchen,8,28,0,224.0,80,144.0,Returning,East,In-Store,Credit Card,Completed
ORD-0060,2024-12-24,Laptop Stand,Electronics,1,69,0,69.0,35,34.0,New,South,Mobile App,Credit Card,Cancelled
ORD-0061,2024-06-05,Bluetooth Speaker,Electronics,4,79,0,316.0,160,156.0,Returning,South,Online,Credit Card,Completed
ORD-0062,2024-06-20,Wool Scarf,Clothing,5,29,0,145.0,60,85.0,Returning,North,Online,Credit Card,Completed
ORD-0063,2025-01-19,USB-C Hub,Electronics,10,59,0,590.0,300,290.0,New,West,Mobile App,Credit Card,Completed
ORD-0064,2024-05-03,Cotton T-Shirt,Clothing,5,25,0,125.0,50,75.0,VIP,North,In-Store,Bank Transfer,Returned
ORD-0065,2024-01-13,Coffee Maker,Home & Kitchen,9,89,0,801.0,405,396.0,New,West,In-Store,Bank Transfer,Completed
ORD-0066,2024-10-03,Data Science 101,Books,7,49,25,257.25,140,117.25,Returning,West,In-Store,Cash,Completed
ORD-0067,2024-09-06,Cotton T-Shirt,Clothing,5,25,0,125.0,50,75.0,VIP,West,Mobile App,Bank Transfer,Completed
ORD-0068,2024-12-29,HDMI Cable 6ft,Electronics,6,18,10,97.2,48,49.2,Returning,East,In-Store,Cash,Completed
ORD-0069,2025-05-15,Laptop Stand,Electronics,4,69,20,220.8,140,80.8,Returning,South,Mobile App,Bank Transfer,Completed
ORD-0070,2024-11-09,Wireless Mouse,Electronics,5,49,10,220.5,125,95.5,VIP,East,In-Store,Cash,Completed
ORD-0071,2024-10-04,Water Bottle 1L,Sports,6,15,0,90.0,30,60.0,New,East,In-Store,Credit Card,Returned
ORD-0072,2024-07-08,Running Shoes,Clothing,2,95,0,190.0,60,130.0,VIP,South,Online,Bank Transfer,Completed
ORD-0073,2024-07-17,Foam Roller,Sports,10,34,5,323.0,150,173.0,Returning,East,Online,PayPal,Completed
ORD-0074,2024-10-26,Laptop Stand,Electronics,3,69,5,196.65,105,91.65,Returning,South,Mobile App,Credit Card,Cancelled
ORD-0075,2025-03-27,Laptop Stand,Electronics,5,69,0,345.0,175,170.0,New,East,Online,Cash,Cancelled
ORD-0076,2024-03-16,Python Programming,Books,2,39,0,78.0,30,48.0,New,North,Online,Cash,Completed
ORD-0077,2024-08-19,Cotton T-Shirt,Clothing,9,25,0,225.0,90,135.0,Returning,West,In-Store,Cash,Cancelled
ORD-0078,2024-03-02,Jump Rope,Sports,5,12,0,60.0,20,40.0,VIP,North,Online,PayPal,Completed
ORD-0079,2024-06-09,Bluetooth Speaker,Electronics,4,79,5,300.2,160,140.2,Returning,North,In-Store,Bank Transfer,Completed
ORD-0080,2025-04-09,Bluetooth Speaker,Electronics,5,79,0,395.0,200,195.0,New,North,Mobile App,Cash,Cancelled
ORD-0081,2024-06-01,Resistance Bands,Sports,7,19,10,119.7,56,63.7,New,East,Online,Credit Card,Completed
ORD-0082,2025-03-25,LED Desk Lamp,Home & Kitchen,10,45,0,450.0,180,270.0,VIP,North,In-Store,Cash,Returned
ORD-0083,2025-03-24,Business Strategy,Books,9,35,0,315.0,108,207.0,New,North,Mobile App,Bank Transfer,Returned
ORD-0084,2024-01-22,LED Desk Lamp,Home & Kitchen,5,45,10,202.5,90,112.5,New,East,Mobile App,PayPal,Completed
ORD-0085,2025-03-22,Jump Rope,Sports,5,12,25,45.0,20,25.0,Returning,West,Online,Cash,Completed
ORD-0086,2024-12-03,Chef Knife Set,Home & Kitchen,2,75,0,150.0,60,90.0,Returning,West,Mobile App,Cash,Returned
ORD-0087,2024-11-18,Cookbook Deluxe,Books,1,42,0,42.0,18,24.0,New,East,In-Store,Bank Transfer,Cancelled
ORD-0088,2024-02-25,Yoga Mat,Sports,9,29,0,261.0,108,153.0,Returning,South,Mobile App,Bank Transfer,Returned
ORD-0089,2024-10-21,Python Programming,Books,4,39,10,140.4,60,80.4,Returning,West,Mobile App,Credit Card,Completed
ORD-0090,2024-01-15,Resistance Bands,Sports,3,19,0,57.0,24,33.0,New,West,Online,Credit Card,Completed
ORD-0091,2024-10-25,Bluetooth Speaker,Electronics,8,79,0,632.0,320,312.0,Returning,East,In-Store,Bank Transfer,Completed
ORD-0092,2024-05-19,Cookbook Deluxe,Books,3,42,0,126.0,54,72.0,Returning,North,In-Store,Cash,Cancelled
ORD-0093,2025-05-16,Water Bottle 1L,Sports,1,15,15,12.75,5,7.75,VIP,South,In-Store,Bank Transfer,Completed
ORD-0094,2024-11-25,LED Desk Lamp,Home & Kitchen,9,45,0,405.0,162,243.0,New,South,Mobile App,Bank Transfer,Completed
ORD-0095,2025-01-25,Python Programming,Books,6,39,0,234.0,90,144.0,VIP,West,Mobile App,PayPal,Completed
ORD-0096,2024-12-05,Bluetooth Speaker,Electronics,9,79,0,711.0,360,351.0,New,North,In-Store,Bank Transfer,Completed
ORD-0097,2024-12-12,Wool Scarf,Clothing,3,29,15,73.95,36,37.95,New,West,Mobile App,Cash,Cancelled
ORD-0098,2025-05-14,Jump Rope,Sports,6,12,0,72.0,24,48.0,New,North,Mobile App,PayPal,Returned
ORD-0099,2024-04-10,Stainless Bottle,Home & Kitchen,2,28,0,56.0,20,36.0,New,North,In-Store,Cash,Completed
ORD-0100,2025-03-17,USB-C Hub,Electronics,1,59,15,50.15,30,20.15,VIP,South,Online,Bank Transfer,Completed
ORD-0101,2024-09-03,Denim Jacket,Clothing,3,80,20,192.0,105,87.0,New,West,Mobile App,PayPal,Completed
ORD-0102,2025-04-21,Bamboo Cutting Board,Home & Kitchen,5,22,0,110.0,40,70.0,VIP,East,Mobile App,PayPal,Completed
ORD-0103,2024-09-13,Business Strategy,Books,10,35,20,280.0,120,160.0,New,West,In-Store,Bank Transfer,Cancelled
ORD-0104,2025-01-02,Python Programming,Books,4,39,0,156.0,60,96.0,Returning,East,Mobile App,Credit Card,Cancelled
ORD-0105,2024-02-20,Business Strategy,Books,1,35,0,35.0,12,23.0,New,West,In-Store,Cash,Completed
ORD-0106,2024-05-20,Slim Chinos,Clothing,5,55,0,275.0,100,175.0,VIP,North,Mobile App,Credit Card,Completed
ORD-0107,2024-05-14,Python Programming,Books,10,39,0,390.0,150,240.0,Returning,North,In-Store,Bank Transfer,Completed
ORD-0108,2025-01-09,Denim Jacket,Clothing,9,80,0,720.0,315,405.0,Returning,East,Online,Bank Transfer,Cancelled
ORD-0109,2024-03-18,Chef Knife Set,Home & Kitchen,2,75,0,150.0,60,90.0,VIP,South,Online,Bank Transfer,Cancelled
ORD-0110,2024-01-15,Water Bottle 1L,Sports,2,15,0,30.0,10,20.0,New,East,Mobile App,Bank Transfer,Completed
ORD-0111,2025-01-15,LED Desk Lamp,Home & Kitchen,7,45,0,315.0,126,189.0,New,North,Mobile App,Bank Transfer,Completed
ORD-0112,2024-08-14,Foam Roller,Sports,6,34,0,204.0,90,114.0,Returning,North,Mobile App,Cash,Returned
ORD-0113,2024-11-07,Python Programming,Books,3,39,5,111.15,45,66.15,New,West,Online,PayPal,Completed
ORD-0114,2025-03-05,Wool Scarf,Clothing,8,29,0,232.0,96,136.0,VIP,South,In-Store,Credit Card,Cancelled
ORD-0115,2024-10-13,Cookbook Deluxe,Books,7,42,0,294.0,126,168.0,Returning,North,Mobile App,PayPal,Completed
ORD-0116,2025-01-02,Data Science 101,Books,6,49,15,249.9,120,129.9,Returning,North,In-Store,PayPal,Completed
ORD-0117,2024-01-22,Python Programming,Books,4,39,0,156.0,60,96.0,New,North,In-Store,PayPal,Cancelled
ORD-0118,2024-07-31,Resistance Bands,Sports,2,19,0,38.0,16,22.0,Returning,South,Online,PayPal,Cancelled
ORD-0119,2024-05-28,Yoga Mat,Sports,5,29,0,145.0,60,85.0,Returning,South,Mobile App,PayPal,Completed
ORD-0120,2024-08-31,Bluetooth Speaker,Electronics,1,79,0,79.0,40,39.0,New,East,Online,Cash,Completed
ORD-0121,2025-05-02,Wool Scarf,Clothing,9,29,5,247.95,108,139.95,VIP,West,In-Store,Credit Card,Completed
ORD-0122,2024-11-04,Resistance Bands,Sports,10,19,25,142.5,80,62.5,New,West,Mobile App,Credit Card,Completed
ORD-0123,2025-03-30,Machine Learning,Books,2,59,0,118.0,50,68.0,Returning,North,Online,PayPal,Completed
ORD-0124,2024-11-28,Running Shoes,Clothing,10,95,0,950.0,300,650.0,VIP,West,Mobile App,Cash,Completed
ORD-0125,2024-08-08,Foam Roller,Sports,7,34,5,226.1,105,121.1,New,West,In-Store,Bank Transfer,Completed
ORD-0126,2024-11-16,Machine Learning,Books,7,59,0,413.0,175,238.0,VIP,West,In-Store,Cash,Completed
ORD-0127,2024-04-05,Wool Scarf,Clothing,2,29,5,55.1,24,31.1,VIP,West,Online,Cash,Cancelled
ORD-0128,2024-12-03,Slim Chinos,Clothing,1,55,0,55.0,20,35.0,Returning,North,In-Store,Bank Transfer,Cancelled
ORD-0129,2024-04-16,USB-C Hub,Electronics,10,59,0,590.0,300,290.0,VIP,South,Online,Bank Transfer,Completed
ORD-0130,2024-10-12,USB-C Hub,Electronics,9,59,0,531.0,270,261.0,VIP,South,In-Store,Credit Card,Completed
ORD-0131,2024-12-13,Coffee Maker,Home & Kitchen,3,89,15,226.95,135,91.95,New,East,Online,PayPal,Completed
ORD-0132,2024-02-01,Python Programming,Books,3,39,0,117.0,45,72.0,VIP,North,Mobile App,PayPal,Completed
ORD-0133,2024-11-28,Machine Learning,Books,6,59,15,300.9,150,150.9,New,North,Online,PayPal,Cancelled
ORD-0134,2025-05-12,Yoga Mat,Sports,2,29,20,46.4,24,22.4,Returning,West,In-Store,PayPal,Cancelled
ORD-0135,2024-10-17,Yoga Mat,Sports,6,29,0,174.0,72,102.0,VIP,West,Mobile App,Cash,Completed
ORD-0136,2024-11-04,Wool Scarf,Clothing,10,29,10,261.0,120,141.0,Returning,South,Online,Cash,Completed
ORD-0137,2024-06-28,Wireless Mouse,Electronics,8,49,0,392.0,200,192.0,VIP,South,In-Store,PayPal,Completed
ORD-0138,2024-02-13,Water Bottle 1L,Sports,2,15,0,30.0,10,20.0,Returning,West,Online,Credit Card,Cancelled
ORD-0139,2025-03-03,LED Desk Lamp,Home & Kitchen,7,45,0,315.0,126,189.0,Returning,East,Online,Credit Card,Completed
ORD-0140,2025-01-05,Slim Chinos,Clothing,8,55,0,440.0,160,280.0,New,North,In-Store,PayPal,Completed
ORD-0141,2024-12-13,Jump Rope,Sports,9,12,15,91.8,36,55.8,New,South,In-Store,Credit Card,Completed
ORD-0142,2024-12-25,Laptop Stand,Electronics,9,69,15,527.85,315,212.85,New,South,Online,PayPal,Completed
ORD-0143,2024-06-30,Denim Jacket,Clothing,10,80,5,760.0,350,410.0,VIP,West,In-Store,Bank Transfer,Returned
ORD-0144,2024-11-19,Foam Roller,Sports,6,34,0,204.0,90,114.0,New,South,In-Store,Bank Transfer,Completed
ORD-0145,2024-03-16,Chef Knife Set,Home & Kitchen,10,75,25,562.5,300,262.5,Returning,East,In-Store,Credit Card,Completed
ORD-0146,2024-04-02,Chef Knife Set,Home & Kitchen,2,75,0,150.0,60,90.0,VIP,West,In-Store,Credit Card,Completed
ORD-0147,2025-05-28,Resistance Bands,Sports,6,19,0,114.0,48,66.0,Returning,South,Online,Credit Card,Cancelled
ORD-0148,2024-02-10,Coffee Maker,Home & Kitchen,9,89,0,801.0,405,396.0,Returning,South,Mobile App,Bank Transfer,Completed
ORD-0149,2024-10-16,Foam Roller,Sports,3,34,0,102.0,45,57.0,Returning,West,In-Store,Credit Card,Cancelled
ORD-0150,2024-10-17,Coffee Maker,Home & Kitchen,6,89,20,427.2,270,157.2,VIP,East,Mobile App,PayPal,Completed
ORD-0151,2024-11-13,Laptop Stand,Electronics,3,69,0,207.0,105,102.0,VIP,West,Online,Credit Card,Completed
ORD-0152,2024-04-05,Jump Rope,Sports,6,12,0,72.0,24,48.0,Returning,West,Mobile App,Credit Card,Completed
ORD-0153,2025-05-12,Stainless Bottle,Home & Kitchen,4,28,0,112.0,40,72.0,New,South,Online,PayPal,Completed
ORD-0154,2024-02-08,Coffee Maker,Home & Kitchen,9,89,0,801.0,405,396.0,New,East,Mobile App,Bank Transfer,Completed
ORD-0155,2024-06-18,Denim Jacket,Clothing,10,80,0,800.0,350,450.0,Returning,West,Online,Cash,Returned
ORD-0156,2024-08-27,Wool Scarf,Clothing,10,29,20,232.0,120,112.0,Returning,South,In-Store,PayPal,Completed
ORD-0157,2025-01-26,Jump Rope,Sports,8,12,0,96.0,32,64.0,New,West,Online,PayPal,Cancelled
ORD-0158,2024-04-15,Coffee Maker,Home & Kitchen,8,89,0,712.0,360,352.0,New,North,In-Store,PayPal,Completed
ORD-0159,2024-04-03,Cookbook Deluxe,Books,3,42,0,126.0,54,72.0,Returning,South,In-Store,Credit Card,Completed
ORD-0160,2025-01-30,HDMI Cable 6ft,Electronics,9,18,0,162.0,72,90.0,New,North,In-Store,Credit Card,Completed
ORD-0161,2025-04-28,USB-C Hub,Electronics,3,59,15,150.45,90,60.45,Returning,South,Mobile App,Bank Transfer,Completed
ORD-0162,2025-03-09,Wireless Mouse,Electronics,1,49,10,44.1,25,19.1,New,North,In-Store,Cash,Completed
ORD-0163,2025-04-13,Bluetooth Speaker,Electronics,7,79,0,553.0,280,273.0,Returning,North,Online,Credit Card,Returned
ORD-0164,2024-10-25,Foam Roller,Sports,4,34,0,136.0,60,76.0,VIP,West,Online,Cash,Completed
ORD-0165,2024-03-28,Jump Rope,Sports,3,12,0,36.0,12,24.0,VIP,East,Online,Credit Card,Completed
ORD-0166,2024-09-16,Python Programming,Books,7,39,0,273.0,105,168.0,New,North,In-Store,Cash,Completed
ORD-0167,2024-12-12,Laptop Stand,Electronics,6,69,15,351.9,210,141.9,Returning,South,Mobile App,Bank Transfer,Returned
ORD-0168,2025-04-13,Denim Jacket,Clothing,2,80,0,160.0,70,90.0,New,North,In-Store,Credit Card,Cancelled
ORD-0169,2025-02-11,Cotton T-Shirt,Clothing,6,25,0,150.0,60,90.0,New,West,In-Store,PayPal,Completed
ORD-0170,2025-03-23,Coffee Maker,Home & Kitchen,6,89,15,453.9,270,183.9,Returning,West,Mobile App,Bank Transfer,Completed
ORD-0171,2024-09-30,Wool Scarf,Clothing,8,29,0,232.0,96,136.0,Returning,North,Mobile App,Credit Card,Completed
ORD-0172,2024-03-22,Resistance Bands,Sports,9,19,5,162.45,72,90.45,Returning,East,Mobile App,Cash,Completed
ORD-0173,2024-12-25,Jump Rope,Sports,3,12,0,36.0,12,24.0,VIP,West,Online,Cash,Completed
ORD-0174,2025-01-07,Business Strategy,Books,1,35,20,28.0,12,16.0,New,South,Online,Bank Transfer,Completed
ORD-0175,2025-01-10,Cotton T-Shirt,Clothing,4,25,0,100.0,40,60.0,VIP,East,In-Store,Credit Card,Completed
ORD-0176,2024-03-19,Wool Scarf,Clothing,6,29,0,174.0,72,102.0,Returning,South,Mobile App,Bank Transfer,Completed
ORD-0177,2025-05-26,Stainless Bottle,Home & Kitchen,2,28,10,50.4,20,30.4,New,West,Mobile App,Cash,Cancelled
ORD-0178,2024-10-19,Bamboo Cutting Board,Home & Kitchen,4,22,0,88.0,32,56.0,New,West,Online,PayPal,Cancelled
ORD-0179,2025-03-31,HDMI Cable 6ft,Electronics,3,18,0,54.0,24,30.0,Returning,North,Mobile App,Cash,Returned
ORD-0180,2024-06-10,Laptop Stand,Electronics,9,69,15,527.85,315,212.85,VIP,South,In-Store,PayPal,Completed
ORD-0181,2024-01-27,Denim Jacket,Clothing,4,80,0,320.0,140,180.0,VIP,East,Mobile App,Cash,Completed
ORD-0182,2024-03-08,Resistance Bands,Sports,10,19,0,190.0,80,110.0,VIP,East,In-Store,Bank Transfer,Completed
ORD-0183,2024-03-16,Machine Learning,Books,10,59,15,501.5,250,251.5,VIP,West,In-Store,Cash,Completed
ORD-0184,2024-05-12,Foam Roller,Sports,3,34,0,102.0,45,57.0,New,West,Mobile App,Credit Card,Completed
ORD-0185,2024-12-20,Running Shoes,Clothing,3,95,10,256.5,90,166.5,Returning,East,Online,PayPal,Returned
ORD-0186,2024-04-05,Water Bottle 1L,Sports,3,15,0,45.0,15,30.0,VIP,South,Mobile App,PayPal,Completed
ORD-0187,2024-02-12,Foam Roller,Sports,6,34,0,204.0,90,114.0,New,North,Online,Cash,Returned
ORD-0188,2024-02-01,Slim Chinos,Clothing,7,55,0,385.0,140,245.0,VIP,West,Mobile App,Cash,Returned
ORD-0189,2025-02-19,Bamboo Cutting Board,Home & Kitchen,4,22,0,88.0,32,56.0,New,East,In-Store,Credit Card,Completed
ORD-0190,2024-12-14,Machine Learning,Books,8,59,0,472.0,200,272.0,VIP,South,In-Store,Cash,Returned
ORD-0191,2024-04-18,Bamboo Cutting Board,Home & Kitchen,3,22,0,66.0,24,42.0,Returning,East,Online,Credit Card,Completed
ORD-0192,2025-01-28,Data Science 101,Books,3,49,15,124.95,60,64.95,New,West,Online,Cash,Completed
ORD-0193,2025-04-23,Stainless Bottle,Home & Kitchen,3,28,0,84.0,30,54.0,Returning,West,In-Store,Credit Card,Completed
ORD-0194,2024-08-08,Cookbook Deluxe,Books,8,42,0,336.0,144,192.0,New,East,Online,Cash,Completed
ORD-0195,2024-04-20,Jump Rope,Sports,5,12,0,60.0,20,40.0,Returning,West,Online,Cash,Cancelled
ORD-0196,2024-07-18,Business Strategy,Books,1,35,0,35.0,12,23.0,Returning,East,Mobile App,Credit Card,Completed
ORD-0197,2024-05-01,Jump Rope,Sports,9,12,25,81.0,36,45.0,Returning,South,Online,Cash,Cancelled
ORD-0198,2024-07-22,LED Desk Lamp,Home & Kitchen,6,45,0,270.0,108,162.0,New,West,Mobile App,Credit Card,Completed
ORD-0199,2024-06-01,Running Shoes,Clothing,8,95,0,760.0,240,520.0,VIP,South,In-Store,Cash,Completed
ORD-0200,2025-05-16,Cookbook Deluxe,Books,5,42,0,210.0,90,120.0,New,East,In-Store,Cash,Completed
ORD-0201,2024-01-28,HDMI Cable 6ft,Electronics,10,18,0,180.0,80,100.0,VIP,West,In-Store,PayPal,Returned
ORD-0202,2025-01-24,Laptop Stand,Electronics,8,69,25,414.0,280,134.0,New,South,Mobile App,Credit Card,Completed
ORD-0203,2025-03-04,Bluetooth Speaker,Electronics,1,79,0,79.0,40,39.0,VIP,South,In-Store,PayPal,Completed
ORD-0204,2024-03-04,Foam Roller,Sports,8,34,0,272.0,120,152.0,New,South,Mobile App,Cash,Returned
ORD-0205,2024-06-26,Cookbook Deluxe,Books,7,42,0,294.0,126,168.0,Returning,West,Mobile App,Cash,Returned
ORD-0206,2024-10-12,LED Desk Lamp,Home & Kitchen,8,45,10,324.0,144,180.0,Returning,East,Online,Cash,Returned
ORD-0207,2024-10-07,Wool Scarf,Clothing,6,29,0,174.0,72,102.0,VIP,East,Online,Bank Transfer,Completed
ORD-0208,2024-12-20,Stainless Bottle,Home & Kitchen,5,28,5,133.0,50,83.0,Returning,West,Mobile App,Bank Transfer,Completed
ORD-0209,2024-10-05,Slim Chinos,Clothing,5,55,0,275.0,100,175.0,VIP,South,Online,PayPal,Completed
ORD-0210,2024-02-23,Laptop Stand,Electronics,4,69,0,276.0,140,136.0,Returning,North,In-Store,Bank Transfer,Completed
ORD-0211,2024-06-10,Cotton T-Shirt,Clothing,9,25,0,225.0,90,135.0,Returning,West,Mobile App,Bank Transfer,Returned
ORD-0212,2024-04-01,Running Shoes,Clothing,6,95,5,541.5,180,361.5,VIP,South,Mobile App,Credit Card,Completed
ORD-0213,2025-02-10,Data Science 101,Books,1,49,0,49.0,20,29.0,VIP,West,Online,Cash,Completed
ORD-0214,2024-12-09,USB-C Hub,Electronics,10,59,0,590.0,300,290.0,VIP,East,In-Store,Bank Transfer,Completed
ORD-0215,2024-12-04,Jump Rope,Sports,5,12,5,57.0,20,37.0,Returning,South,Mobile App,Cash,Returned
ORD-0216,2024-07-16,Cotton T-Shirt,Clothing,6,25,0,150.0,60,90.0,VIP,South,Mobile App,Bank Transfer,Cancelled
ORD-0217,2024-07-08,Cookbook Deluxe,Books,6,42,5,239.4,108,131.4,Returning,South,In-Store,PayPal,Completed
ORD-0218,2024-09-30,Bamboo Cutting Board,Home & Kitchen,4,22,0,88.0,32,56.0,VIP,East,In-Store,Credit Card,Completed
ORD-0219,2025-04-21,Stainless Bottle,Home & Kitchen,1,28,0,28.0,10,18.0,Returning,East,Online,Cash,Returned
ORD-0220,2024-08-12,USB-C Hub,Electronics,6,59,0,354.0,180,174.0,New,South,In-Store,Bank Transfer,Returned
ORD-0221,2025-04-27,Water Bottle 1L,Sports,7,15,0,105.0,35,70.0,VIP,South,Online,Credit Card,Completed
ORD-0222,2024-04-24,Cookbook Deluxe,Books,6,42,25,189.0,108,81.0,VIP,North,Mobile App,PayPal,Completed
ORD-0223,2025-03-28,Resistance Bands,Sports,3,19,0,57.0,24,33.0,New,North,Mobile App,Bank Transfer,Completed
ORD-0224,2025-03-01,Jump Rope,Sports,1,12,0,12.0,4,8.0,New,West,Mobile App,Bank Transfer,Returned
ORD-0225,2024-08-11,Coffee Maker,Home & Kitchen,7,89,5,591.85,315,276.85,Returning,North,Online,Cash,Returned
ORD-0226,2024-03-11,Laptop Stand,Electronics,1,69,0,69.0,35,34.0,Returning,West,Online,Bank Transfer,Completed
ORD-0227,2025-01-26,Wool Scarf,Clothing,6,29,0,174.0,72,102.0,Returning,West,In-Store,Credit Card,Returned
ORD-0228,2025-02-06,Resistance Bands,Sports,6,19,25,85.5,48,37.5,New,South,Mobile App,Credit Card,Cancelled
ORD-0229,2025-03-10,USB-C Hub,Electronics,8,59,0,472.0,240,232.0,New,West,Online,Bank Transfer,Completed
ORD-0230,2024-04-25,Running Shoes,Clothing,4,95,0,380.0,120,260.0,Returning,North,Mobile App,Credit Card,Completed
ORD-0231,2025-04-02,Cotton T-Shirt,Clothing,2,25,0,50.0,20,30.0,VIP,North,Online,Credit Card,Completed
ORD-0232,2024-05-23,Data Science 101,Books,9,49,5,418.95,180,238.95,VIP,East,Online,Cash,Completed
ORD-0233,2024-05-26,Water Bottle 1L,Sports,4,15,0,60.0,20,40.0,Returning,South,In-Store,Cash,Completed
ORD-0234,2025-03-13,Foam Roller,Sports,3,34,0,102.0,45,57.0,Returning,West,Online,Bank Transfer,Cancelled
ORD-0235,2024-11-03,Water Bottle 1L,Sports,7,15,0,105.0,35,70.0,VIP,West,Online,Bank Transfer,Completed
ORD-0236,2024-02-29,Running Shoes,Clothing,3,95,0,285.0,90,195.0,VIP,West,In-Store,PayPal,Completed
ORD-0237,2024-03-21,Running Shoes,Clothing,4,95,0,380.0,120,260.0,New,West,In-Store,PayPal,Completed
ORD-0238,2024-03-15,Bamboo Cutting Board,Home & Kitchen,10,22,0,220.0,80,140.0,VIP,South,Mobile App,PayPal,Completed
ORD-0239,2024-01-16,Running Shoes,Clothing,5,95,0,475.0,150,325.0,VIP,South,Online,Credit Card,Returned
ORD-0240,2025-02-10,Data Science 101,Books,10,49,0,490.0,200,290.0,Returning,South,Mobile App,Cash,Completed
ORD-0241,2025-01-03,Cookbook Deluxe,Books,6,42,0,252.0,108,144.0,New,West,In-Store,Bank Transfer,Cancelled
ORD-0242,2024-02-16,Stainless Bottle,Home & Kitchen,6,28,0,168.0,60,108.0,New,South,Mobile App,Credit Card,Completed
ORD-0243,2024-10-29,Foam Roller,Sports,10,34,0,340.0,150,190.0,Returning,South,Online,PayPal,Completed
ORD-0244,2024-12-11,Resistance Bands,Sports,8,19,0,152.0,64,88.0,VIP,East,In-Store,Bank Transfer,Completed
ORD-0245,2025-05-15,Running Shoes,Clothing,3,95,25,213.75,90,123.75,VIP,South,Mobile App,Credit Card,Completed
ORD-0246,2025-02-26,Wireless Mouse,Electronics,1,49,0,49.0,25,24.0,New,South,Mobile App,Credit Card,Returned
ORD-0247,2025-01-17,Cotton T-Shirt,Clothing,4,25,0,100.0,40,60.0,VIP,North,Mobile App,Bank Transfer,Returned
ORD-0248,2025-02-25,Python Programming,Books,1,39,0,39.0,15,24.0,VIP,North,Online,Cash,Completed
ORD-0249,2025-03-16,Coffee Maker,Home & Kitchen,9,89,0,801.0,405,396.0,New,South,Online,PayPal,Completed
ORD-0250,2024-09-30,Slim Chinos,Clothing,9,55,15,420.75,180,240.75,Returning,West,Online,Bank Transfer,Completed
ORD-0251,2024-02-02,Resistance Bands,Sports,4,19,5,72.2,32,40.2,Returning,North,In-Store,Bank Transfer,Completed
ORD-0252,2024-03-25,Python Programming,Books,1,39,0,39.0,15,24.0,VIP,West,In-Store,Cash,Completed
ORD-0253,2025-05-01,Laptop Stand,Electronics,1,69,25,51.75,35,16.75,New,East,Online,Cash,Completed
ORD-0254,2024-11-18,Yoga Mat,Sports,3,29,0,87.0,36,51.0,VIP,North,Online,PayPal,Cancelled
ORD-0255,2025-02-02,Python Programming,Books,5,39,10,175.5,75,100.5,VIP,East,In-Store,PayPal,Cancelled
ORD-0256,2024-08-25,Laptop Stand,Electronics,6,69,20,331.2,210,121.2,VIP,North,In-Store,Bank Transfer,Cancelled
ORD-0257,2025-04-06,Coffee Maker,Home & Kitchen,5,89,0,445.0,225,220.0,Returning,West,Online,Bank Transfer,Completed
ORD-0258,2024-10-29,Slim Chinos,Clothing,7,55,25,288.75,140,148.75,New,South,Mobile App,Credit Card,Completed
ORD-0259,2024-11-20,Wool Scarf,Clothing,3,29,0,87.0,36,51.0,New,East,Online,Credit Card,Completed
ORD-0260,2024-07-10,Business Strategy,Books,5,35,5,166.25,60,106.25,VIP,West,In-Store,Bank Transfer,Completed
ORD-0261,2024-11-28,Wireless Mouse,Electronics,6,49,0,294.0,150,144.0,Returning,West,Online,Bank Transfer,Completed
ORD-0262,2024-06-22,Laptop Stand,Electronics,4,69,0,276.0,140,136.0,New,West,Online,Cash,Completed
ORD-0263,2024-10-09,Bamboo Cutting Board,Home & Kitchen,3,22,20,52.8,24,28.8,Returning,West,In-Store,Credit Card,Completed
ORD-0264,2024-07-19,Stainless Bottle,Home & Kitchen,8,28,0,224.0,80,144.0,New,West,Online,Cash,Completed
ORD-0265,2024-12-03,Business Strategy,Books,10,35,0,350.0,120,230.0,Returning,West,In-Store,PayPal,Completed
ORD-0266,2024-06-30,LED Desk Lamp,Home & Kitchen,4,45,0,180.0,72,108.0,Returning,West,In-Store,Bank Transfer,Completed
ORD-0267,2025-01-08,Running Shoes,Clothing,7,95,20,532.0,210,322.0,New,North,Mobile App,PayPal,Returned
ORD-0268,2024-08-02,Yoga Mat,Sports,8,29,0,232.0,96,136.0,VIP,West,In-Store,Credit Card,Cancelled
ORD-0269,2024-09-04,Machine Learning,Books,3,59,0,177.0,75,102.0,New,East,Mobile App,Bank Transfer,Cancelled
ORD-0270,2025-05-05,Python Programming,Books,8,39,0,312.0,120,192.0,VIP,West,Mobile App,Bank Transfer,Completed
ORD-0271,2024-03-28,USB-C Hub,Electronics,9,59,0,531.0,270,261.0,VIP,North,Online,Cash,Completed
ORD-0272,2025-02-13,Yoga Mat,Sports,10,29,0,290.0,120,170.0,New,East,In-Store,Credit Card,Completed
ORD-0273,2024-08-14,Stainless Bottle,Home & Kitchen,9,28,0,252.0,90,162.0,Returning,West,In-Store,Bank Transfer,Cancelled
ORD-0274,2024-01-26,Foam Roller,Sports,3,34,0,102.0,45,57.0,Returning,West,Online,Bank Transfer,Completed
ORD-0275,2025-04-11,Bluetooth Speaker,Electronics,6,79,0,474.0,240,234.0,Returning,South,Mobile App,Cash,Completed
ORD-0276,2024-11-03,HDMI Cable 6ft,Electronics,8,18,0,144.0,64,80.0,New,North,Mobile App,Credit Card,Cancelled
ORD-0277,2024-09-06,Coffee Maker,Home & Kitchen,3,89,0,267.0,135,132.0,New,South,Mobile App,Cash,Completed
ORD-0278,2024-07-07,Machine Learning,Books,4,59,0,236.0,100,136.0,VIP,South,Mobile App,Bank Transfer,Completed
ORD-0279,2025-03-15,Laptop Stand,Electronics,4,69,0,276.0,140,136.0,VIP,West,Online,PayPal,Completed
ORD-0280,2024-07-10,Coffee Maker,Home & Kitchen,10,89,25,667.5,450,217.5,New,East,In-Store,Bank Transfer,Completed
ORD-0281,2024-11-16,Bamboo Cutting Board,Home & Kitchen,9,22,0,198.0,72,126.0,Returning,West,Mobile App,Credit Card,Completed
ORD-0282,2024-03-27,Bamboo Cutting Board,Home & Kitchen,10,22,15,187.0,80,107.0,New,South,In-Store,PayPal,Completed
ORD-0283,2025-02-01,Bluetooth Speaker,Electronics,6,79,0,474.0,240,234.0,New,West,Mobile App,Bank Transfer,Completed
ORD-0284,2024-06-26,Wool Scarf,Clothing,9,29,0,261.0,108,153.0,Returning,South,In-Store,PayPal,Completed
ORD-0285,2024-01-10,Bamboo Cutting Board,Home & Kitchen,10,22,15,187.0,80,107.0,New,West,Online,Bank Transfer,Completed
ORD-0286,2025-03-01,Jump Rope,Sports,7,12,0,84.0,28,56.0,New,West,In-Store,Credit Card,Completed
ORD-0287,2024-10-22,Bluetooth Speaker,Electronics,5,79,10,355.5,200,155.5,VIP,South,In-Store,Bank Transfer,Completed
ORD-0288,2025-01-10,Yoga Mat,Sports,10,29,25,217.5,120,97.5,Returning,North,Mobile App,PayPal,Completed
ORD-0289,2024-02-03,Bluetooth Speaker,Electronics,5,79,0,395.0,200,195.0,Returning,West,In-Store,Credit Card,Completed
ORD-0290,2024-12-25,Bluetooth Speaker,Electronics,4,79,0,316.0,160,156.0,VIP,West,Online,PayPal,Cancelled
ORD-0291,2024-10-14,Denim Jacket,Clothing,1,80,0,80.0,35,45.0,VIP,South,In-Store,Cash,Completed
ORD-0292,2024-04-07,Water Bottle 1L,Sports,9,15,0,135.0,45,90.0,New,South,In-Store,Cash,Cancelled
ORD-0293,2024-09-10,Denim Jacket,Clothing,4,80,15,272.0,140,132.0,New,West,In-Store,Cash,Returned
ORD-0294,2025-02-16,Machine Learning,Books,8,59,5,448.4,200,248.4,Returning,East,Mobile App,Bank Transfer,Completed
ORD-0295,2024-04-05,LED Desk Lamp,Home & Kitchen,1,45,0,45.0,18,27.0,VIP,West,Mobile App,Cash,Cancelled
ORD-0296,2024-08-04,Laptop Stand,Electronics,7,69,20,386.4,245,141.4,Returning,West,In-Store,Cash,Completed
ORD-0297,2025-05-11,Foam Roller,Sports,3,34,0,102.0,45,57.0,New,East,Mobile App,Credit Card,Completed
ORD-0298,2024-06-10,Python Programming,Books,2,39,0,78.0,30,48.0,New,West,In-Store,Bank Transfer,Completed
ORD-0299,2024-10-07,Running Shoes,Clothing,3,95,0,285.0,90,195.0,Returning,North,Mobile App,Cash,Completed
ORD-0300,2024-11-08,Stainless Bottle,Home & Kitchen,1,28,0,28.0,10,18.0,VIP,South,In-Store,Credit Card,Returned
ORD-0301,2024-05-15,Wireless Mouse,Electronics,4,49,0,196.0,100,96.0,VIP,South,Mobile App,Bank Transfer,Completed
ORD-0302,2025-03-08,USB-C Hub,Electronics,2,59,0,118.0,60,58.0,New,South,In-Store,PayPal,Completed
ORD-0303,2024-11-02,Wireless Mouse,Electronics,2,49,0,98.0,50,48.0,New,South,In-Store,PayPal,Completed
ORD-0304,2024-06-17,Foam Roller,Sports,1,34,0,34.0,15,19.0,VIP,West,In-Store,PayPal,Returned
ORD-0305,2024-08-10,Wool Scarf,Clothing,10,29,0,290.0,120,170.0,New,North,Online,Credit Card,Completed
ORD-0306,2024-05-23,Business Strategy,Books,7,35,0,245.0,84,161.0,VIP,South,In-Store,Credit Card,Completed
ORD-0307,2024-10-18,Foam Roller,Sports,10,34,0,340.0,150,190.0,Returning,North,Mobile App,PayPal,Completed
ORD-0308,2024-10-29,Foam Roller,Sports,4,34,0,136.0,60,76.0,Returning,North,Online,Bank Transfer,Completed
ORD-0309,2025-01-04,Wool Scarf,Clothing,10,29,5,275.5,120,155.5,Returning,East,Online,Bank Transfer,Completed
ORD-0310,2024-03-15,Resistance Bands,Sports,8,19,0,152.0,64,88.0,New,North,Mobile App,Credit Card,Completed
ORD-0311,2025-02-11,Cotton T-Shirt,Clothing,1,25,0,25.0,10,15.0,VIP,East,Mobile App,Bank Transfer,Completed
ORD-0312,2024-06-05,Python Programming,Books,9,39,0,351.0,135,216.0,Returning,East,Online,Credit Card,Completed
ORD-0313,2024-03-08,Denim Jacket,Clothing,9,80,0,720.0,315,405.0,Returning,East,Mobile App,PayPal,Completed
ORD-0314,2024-02-26,Cotton T-Shirt,Clothing,7,25,25,131.25,70,61.25,VIP,East,Mobile App,PayPal,Completed
ORD-0315,2024-09-22,Bluetooth Speaker,Electronics,1,79,15,67.15,40,27.15,New,South,In-Store,Cash,Returned
ORD-0316,2024-10-05,Wireless Mouse,Electronics,6,49,0,294.0,150,144.0,VIP,North,In-Store,Credit Card,Completed
ORD-0317,2024-06-19,Cookbook Deluxe,Books,6,42,25,189.0,108,81.0,Returning,East,Online,Credit Card,Completed
ORD-0318,2024-09-07,Bluetooth Speaker,Electronics,9,79,5,675.45,360,315.45,Returning,North,In-Store,Bank Transfer,Completed
ORD-0319,2025-03-05,Cotton T-Shirt,Clothing,9,25,0,225.0,90,135.0,New,South,In-Store,Bank Transfer,Returned
ORD-0320,2024-05-02,Chef Knife Set,Home & Kitchen,2,75,0,150.0,60,90.0,New,North,Online,Credit Card,Completed
ORD-0321,2024-11-14,HDMI Cable 6ft,Electronics,5,18,0,90.0,40,50.0,VIP,East,Online,Bank Transfer,Completed
ORD-0322,2024-11-07,Stainless Bottle,Home & Kitchen,5,28,0,140.0,50,90.0,Returning,South,In-Store,Bank Transfer,Cancelled
ORD-0323,2024-01-25,Slim Chinos,Clothing,4,55,20,176.0,80,96.0,Returning,South,Mobile App,Credit Card,Completed
ORD-0324,2024-08-31,HDMI Cable 6ft,Electronics,5,18,25,67.5,40,27.5,New,West,In-Store,PayPal,Returned
ORD-0325,2025-02-26,Coffee Maker,Home & Kitchen,1,89,0,89.0,45,44.0,VIP,East,In-Store,Credit Card,Completed
ORD-0326,2025-02-07,Laptop Stand,Electronics,3,69,0,207.0,105,102.0,VIP,North,Mobile App,Credit Card,Completed
ORD-0327,2025-02-06,Denim Jacket,Clothing,5,80,15,340.0,175,165.0,Returning,East,In-Store,Cash,Completed
ORD-0328,2024-04-21,Bluetooth Speaker,Electronics,3,79,0,237.0,120,117.0,New,South,Online,Bank Transfer,Completed
ORD-0329,2024-07-31,Bamboo Cutting Board,Home & Kitchen,2,22,0,44.0,16,28.0,Returning,West,In-Store,Cash,Cancelled
ORD-0330,2024-11-07,Wireless Mouse,Electronics,3,49,0,147.0,75,72.0,Returning,North,Online,PayPal,Completed
ORD-0331,2024-11-02,Running Shoes,Clothing,7,95,0,665.0,210,455.0,New,East,Online,Bank Transfer,Cancelled
ORD-0332,2024-04-14,Cookbook Deluxe,Books,9,42,20,302.4,162,140.4,New,South,Online,Credit Card,Cancelled
ORD-0333,2025-01-16,Denim Jacket,Clothing,4,80,0,320.0,140,180.0,VIP,North,Mobile App,Cash,Cancelled
ORD-0334,2024-05-11,Wireless Mouse,Electronics,2,49,20,78.4,50,28.4,New,North,In-Store,Credit Card,Completed
ORD-0335,2025-02-08,Bluetooth Speaker,Electronics,10,79,0,790.0,400,390.0,Returning,West,Online,Bank Transfer,Completed
ORD-0336,2024-06-01,Stainless Bottle,Home & Kitchen,3,28,20,67.2,30,37.2,VIP,North,Mobile App,PayPal,Returned
ORD-0337,2025-05-05,Bamboo Cutting Board,Home & Kitchen,7,22,0,154.0,56,98.0,Returning,North,Online,Bank Transfer,Completed
ORD-0338,2024-01-20,Data Science 101,Books,9,49,25,330.75,180,150.75,Returning,West,Mobile App,Bank Transfer,Completed
ORD-0339,2025-02-01,Business Strategy,Books,10,35,0,350.0,120,230.0,New,East,Online,Cash,Completed
ORD-0340,2025-01-01,Cotton T-Shirt,Clothing,5,25,20,100.0,50,50.0,New,South,Online,PayPal,Returned
ORD-0341,2024-02-27,Running Shoes,Clothing,9,95,0,855.0,270,585.0,Returning,South,Mobile App,Cash,Cancelled
ORD-0342,2025-01-02,Denim Jacket,Clothing,4,80,0,320.0,140,180.0,VIP,North,Mobile App,Cash,Completed
ORD-0343,2025-05-19,Resistance Bands,Sports,10,19,0,190.0,80,110.0,Returning,East,Online,Credit Card,Completed
ORD-0344,2025-05-04,Bluetooth Speaker,Electronics,10,79,25,592.5,400,192.5,VIP,North,In-Store,PayPal,Cancelled
ORD-0345,2024-11-27,Running Shoes,Clothing,3,95,0,285.0,90,195.0,New,North,Online,PayPal,Cancelled
ORD-0346,2025-01-17,Laptop Stand,Electronics,6,69,0,414.0,210,204.0,New,West,Mobile App,Cash,Completed
ORD-0347,2025-03-23,Stainless Bottle,Home & Kitchen,3,28,0,84.0,30,54.0,Returning,West,Mobile App,PayPal,Returned
ORD-0348,2024-06-28,Foam Roller,Sports,6,34,25,153.0,90,63.0,VIP,West,In-Store,Cash,Completed
ORD-0349,2024-02-03,Cotton T-Shirt,Clothing,10,25,0,250.0,100,150.0,Returning,South,Mobile App,PayPal,Returned
ORD-0350,2024-08-31,Yoga Mat,Sports,8,29,5,220.4,96,124.4,New,East,In-Store,Credit Card,Cancelled
ORD-0351,2024-03-10,Bamboo Cutting Board,Home & Kitchen,1,22,10,19.8,8,11.8,New,East,In-Store,Credit Card,Completed
ORD-0352,2025-02-27,Machine Learning,Books,7,59,0,413.0,175,238.0,Returning,West,In-Store,Bank Transfer,Completed
ORD-0353,2024-02-04,Cookbook Deluxe,Books,4,42,5,159.6,72,87.6,Returning,East,Online,Cash,Completed
ORD-0354,2024-06-13,USB-C Hub,Electronics,3,59,0,177.0,90,87.0,New,North,Mobile App,Cash,Completed
ORD-0355,2024-06-17,Jump Rope,Sports,1,12,0,12.0,4,8.0,New,West,Online,Credit Card,Completed
ORD-0356,2024-09-28,Denim Jacket,Clothing,7,80,0,560.0,245,315.0,New,East,In-Store,Credit Card,Completed
ORD-0357,2024-06-06,Cookbook Deluxe,Books,9,42,0,378.0,162,216.0,New,North,In-Store,Bank Transfer,Completed
ORD-0358,2024-07-30,LED Desk Lamp,Home & Kitchen,8,45,5,342.0,144,198.0,Returning,South,Mobile App,Credit Card,Completed
ORD-0359,2024-09-28,USB-C Hub,Electronics,7,59,0,413.0,210,203.0,VIP,North,Mobile App,Bank Transfer,Completed
ORD-0360,2024-09-26,Bamboo Cutting Board,Home & Kitchen,6,22,5,125.4,48,77.4,Returning,West,In-Store,PayPal,Cancelled
ORD-0361,2024-03-28,LED Desk Lamp,Home & Kitchen,1,45,5,42.75,18,24.75,Returning,East,Mobile App,PayPal,Completed
ORD-0362,2025-05-01,HDMI Cable 6ft,Electronics,9,18,0,162.0,72,90.0,Returning,South,In-Store,Credit Card,Completed
ORD-0363,2024-05-30,Laptop Stand,Electronics,10,69,0,690.0,350,340.0,New,North,In-Store,PayPal,Completed
ORD-0364,2025-03-21,Denim Jacket,Clothing,1,80,0,80.0,35,45.0,New,South,Mobile App,Cash,Completed
ORD-0365,2024-11-29,Wireless Mouse,Electronics,7,49,0,343.0,175,168.0,Returning,East,Mobile App,Credit Card,Cancelled
ORD-0366,2024-04-25,Foam Roller,Sports,9,34,0,306.0,135,171.0,New,West,Online,Credit Card,Completed
ORD-0367,2024-12-18,Yoga Mat,Sports,5,29,0,145.0,60,85.0,Returning,West,In-Store,Bank Transfer,Completed
ORD-0368,2024-05-27,Jump Rope,Sports,1,12,20,9.6,4,5.6,Returning,West,Online,Cash,Returned
ORD-0369,2025-01-16,Cotton T-Shirt,Clothing,8,25,0,200.0,80,120.0,Returning,North,In-Store,Cash,Completed
ORD-0370,2024-11-24,Python Programming,Books,4,39,20,124.8,60,64.8,Returning,East,Mobile App,Credit Card,Completed
ORD-0371,2025-01-17,Data Science 101,Books,7,49,0,343.0,140,203.0,New,North,Mobile App,Credit Card,Completed
ORD-0372,2024-01-30,Jump Rope,Sports,3,12,0,36.0,12,24.0,New,South,Online,Credit Card,Completed
ORD-0373,2024-07-22,HDMI Cable 6ft,Electronics,1,18,0,18.0,8,10.0,Returning,East,In-Store,Bank Transfer,Returned
ORD-0374,2025-04-01,Wireless Mouse,Electronics,4,49,0,196.0,100,96.0,VIP,South,In-Store,Cash,Completed
ORD-0375,2024-02-20,Running Shoes,Clothing,2,95,20,152.0,60,92.0,New,South,Mobile App,PayPal,Returned
ORD-0376,2024-01-21,Denim Jacket,Clothing,5,80,0,400.0,175,225.0,New,North,In-Store,PayPal,Completed
ORD-0377,2024-11-08,Bluetooth Speaker,Electronics,5,79,0,395.0,200,195.0,Returning,East,In-Store,Cash,Completed
ORD-0378,2025-02-10,Stainless Bottle,Home & Kitchen,8,28,0,224.0,80,144.0,VIP,North,Online,Cash,Completed
ORD-0379,2025-05-08,Foam Roller,Sports,5,34,5,161.5,75,86.5,Returning,North,In-Store,Cash,Cancelled
ORD-0380,2024-09-03,Chef Knife Set,Home & Kitchen,5,75,25,281.25,150,131.25,Returning,North,Mobile App,Cash,Returned
ORD-0381,2024-09-22,Cotton T-Shirt,Clothing,8,25,0,200.0,80,120.0,Returning,West,In-Store,Credit Card,Completed
ORD-0382,2024-08-15,Resistance Bands,Sports,6,19,0,114.0,48,66.0,Returning,West,Mobile App,Cash,Cancelled
ORD-0383,2024-05-11,Slim Chinos,Clothing,3,55,20,132.0,60,72.0,VIP,East,Mobile App,PayPal,Returned
ORD-0384,2024-11-10,Coffee Maker,Home & Kitchen,4,89,0,356.0,180,176.0,Returning,West,In-Store,Cash,Completed
ORD-0385,2024-03-13,Bamboo Cutting Board,Home & Kitchen,2,22,0,44.0,16,28.0,VIP,West,Online,Credit Card,Cancelled
ORD-0386,2024-06-03,Cookbook Deluxe,Books,5,42,0,210.0,90,120.0,Returning,South,Online,Bank Transfer,Completed
ORD-0387,2024-07-03,Data Science 101,Books,6,49,0,294.0,120,174.0,Returning,North,In-Store,PayPal,Completed
ORD-0388,2024-06-11,Wireless Mouse,Electronics,8,49,10,352.8,200,152.8,New,West,Online,Bank Transfer,Returned
ORD-0389,2025-01-27,Machine Learning,Books,7,59,0,413.0,175,238.0,VIP,North,Online,PayPal,Returned
ORD-0390,2024-07-14,Coffee Maker,Home & Kitchen,6,89,0,534.0,270,264.0,New,North,Mobile App,PayPal,Completed
ORD-0391,2024-11-09,Chef Knife Set,Home & Kitchen,3,75,25,168.75,90,78.75,New,South,Online,Cash,Completed
ORD-0392,2025-03-20,Cookbook Deluxe,Books,10,42,0,420.0,180,240.0,Returning,South,In-Store,Cash,Cancelled
ORD-0393,2024-05-14,Denim Jacket,Clothing,7,80,10,504.0,245,259.0,New,South,Mobile App,PayPal,Completed
ORD-0394,2024-09-18,Coffee Maker,Home & Kitchen,7,89,0,623.0,315,308.0,New,North,Mobile App,Credit Card,Returned
ORD-0395,2025-01-24,Wireless Mouse,Electronics,2,49,0,98.0,50,48.0,Returning,North,Mobile App,Bank Transfer,Returned
ORD-0396,2024-04-13,Denim Jacket,Clothing,1,80,0,80.0,35,45.0,VIP,East,Mobile App,PayPal,Completed
ORD-0397,2024-04-18,Laptop Stand,Electronics,10,69,5,655.5,350,305.5,VIP,West,Online,PayPal,Cancelled
ORD-0398,2025-02-23,LED Desk Lamp,Home & Kitchen,4,45,0,180.0,72,108.0,New,East,Online,Bank Transfer,Completed
ORD-0399,2024-04-23,Business Strategy,Books,4,35,5,133.0,48,85.0,New,West,Online,Credit Card,Returned
ORD-0400,2024-10-30,USB-C Hub,Electronics,4,59,0,236.0,120,116.0,New,East,In-Store,Credit Card,Cancelled
ORD-0401,2024-11-16,Cotton T-Shirt,Clothing,5,25,0,125.0,50,75.0,New,West,Mobile App,Credit Card,Cancelled
ORD-0402,2024-06-23,Wireless Mouse,Electronics,3,49,0,147.0,75,72.0,Returning,East,In-Store,Cash,Returned
ORD-0403,2025-02-13,USB-C Hub,Electronics,6,59,20,283.2,180,103.2,Returning,West,In-Store,Bank Transfer,Cancelled
ORD-0404,2024-06-12,Data Science 101,Books,2,49,5,93.1,40,53.1,VIP,North,In-Store,Bank Transfer,Cancelled
ORD-0405,2025-01-02,Jump Rope,Sports,3,12,0,36.0,12,24.0,VIP,North,Mobile App,PayPal,Completed
ORD-0406,2024-03-05,Python Programming,Books,7,39,0,273.0,105,168.0,Returning,East,Mobile App,Credit Card,Returned
ORD-0407,2024-04-07,Foam Roller,Sports,10,34,15,289.0,150,139.0,VIP,West,Mobile App,PayPal,Completed
ORD-0408,2024-02-25,Bamboo Cutting Board,Home & Kitchen,3,22,0,66.0,24,42.0,New,North,Mobile App,Bank Transfer,Cancelled
ORD-0409,2024-11-24,Data Science 101,Books,2,49,0,98.0,40,58.0,Returning,South,In-Store,Credit Card,Completed
ORD-0410,2024-08-28,Slim Chinos,Clothing,7,55,0,385.0,140,245.0,Returning,North,In-Store,Bank Transfer,Completed
ORD-0411,2024-01-19,Machine Learning,Books,6,59,20,283.2,150,133.2,Returning,North,In-Store,Credit Card,Completed
ORD-0412,2024-11-07,Yoga Mat,Sports,2,29,0,58.0,24,34.0,VIP,South,Mobile App,Bank Transfer,Completed
ORD-0413,2024-12-05,Coffee Maker,Home & Kitchen,4,89,0,356.0,180,176.0,VIP,West,Mobile App,Cash,Returned
ORD-0414,2024-08-15,Python Programming,Books,2,39,0,78.0,30,48.0,Returning,North,In-Store,Cash,Completed
ORD-0415,2025-05-19,Water Bottle 1L,Sports,2,15,10,27.0,10,17.0,VIP,South,Mobile App,Bank Transfer,Completed
ORD-0416,2024-08-08,LED Desk Lamp,Home & Kitchen,4,45,20,144.0,72,72.0,VIP,West,Online,Cash,Completed
ORD-0417,2025-04-13,Python Programming,Books,10,39,20,312.0,150,162.0,New,South,In-Store,Credit Card,Completed
ORD-0418,2024-06-30,Cookbook Deluxe,Books,8,42,0,336.0,144,192.0,New,South,Mobile App,Credit Card,Completed
ORD-0419,2025-01-28,Foam Roller,Sports,6,34,0,204.0,90,114.0,VIP,West,Mobile App,PayPal,Completed
ORD-0420,2024-05-16,Business Strategy,Books,5,35,0,175.0,60,115.0,VIP,South,In-Store,Cash,Cancelled
ORD-0421,2024-07-24,Water Bottle 1L,Sports,9,15,0,135.0,45,90.0,VIP,South,Mobile App,Cash,Returned
ORD-0422,2024-11-26,Stainless Bottle,Home & Kitchen,3,28,0,84.0,30,54.0,VIP,North,In-Store,Bank Transfer,Completed
ORD-0423,2024-01-14,Jump Rope,Sports,9,12,20,86.4,36,50.4,Returning,North,Online,PayPal,Completed
ORD-0424,2024-06-13,Bluetooth Speaker,Electronics,5,79,0,395.0,200,195.0,Returning,East,Mobile App,PayPal,Cancelled
ORD-0425,2024-02-03,USB-C Hub,Electronics,4,59,0,236.0,120,116.0,New,East,In-Store,PayPal,Returned
ORD-0426,2024-10-21,Jump Rope,Sports,4,12,0,48.0,16,32.0,Returning,North,In-Store,Bank Transfer,Cancelled
ORD-0427,2024-07-26,LED Desk Lamp,Home & Kitchen,1,45,15,38.25,18,20.25,VIP,West,Online,Cash,Cancelled
ORD-0428,2024-10-28,Foam Roller,Sports,10,34,10,306.0,150,156.0,VIP,West,Online,Credit Card,Completed
ORD-0429,2025-03-14,Slim Chinos,Clothing,2,55,0,110.0,40,70.0,Returning,East,Mobile App,PayPal,Completed
ORD-0430,2024-06-07,Water Bottle 1L,Sports,1,15,0,15.0,5,10.0,Returning,North,Online,Credit Card,Cancelled
ORD-0431,2025-01-01,Water Bottle 1L,Sports,8,15,0,120.0,40,80.0,Returning,North,Mobile App,PayPal,Completed
ORD-0432,2025-02-17,Yoga Mat,Sports,9,29,25,195.75,108,87.75,New,North,In-Store,PayPal,Returned
ORD-0433,2025-05-01,Chef Knife Set,Home & Kitchen,6,75,25,337.5,180,157.5,VIP,North,Online,Cash,Completed
ORD-0434,2024-11-24,Slim Chinos,Clothing,10,55,5,522.5,200,322.5,Returning,West,Online,Cash,Completed
ORD-0435,2025-01-18,Coffee Maker,Home & Kitchen,9,89,0,801.0,405,396.0,New,West,In-Store,Cash,Returned
ORD-0436,2024-06-20,Running Shoes,Clothing,9,95,5,812.25,270,542.25,New,North,Mobile App,PayPal,Returned
ORD-0437,2024-03-14,Wool Scarf,Clothing,2,29,20,46.4,24,22.4,Returning,South,Online,Cash,Completed
ORD-0438,2024-03-13,Wireless Mouse,Electronics,1,49,15,41.65,25,16.65,Returning,South,In-Store,Bank Transfer,Completed
ORD-0439,2024-01-07,Machine Learning,Books,6,59,5,336.3,150,186.3,VIP,North,Mobile App,Credit Card,Returned
ORD-0440,2024-03-29,USB-C Hub,Electronics,9,59,15,451.35,270,181.35,Returning,East,In-Store,Bank Transfer,Cancelled
ORD-0441,2024-05-19,HDMI Cable 6ft,Electronics,3,18,0,54.0,24,30.0,Returning,West,Mobile App,PayPal,Completed
ORD-0442,2024-05-24,Coffee Maker,Home & Kitchen,9,89,0,801.0,405,396.0,New,North,Online,Bank Transfer,Completed
ORD-0443,2024-08-04,Yoga Mat,Sports,5,29,15,123.25,60,63.25,VIP,West,Mobile App,PayPal,Completed
ORD-0444,2024-07-17,Denim Jacket,Clothing,10,80,0,800.0,350,450.0,VIP,North,Online,Credit Card,Cancelled
ORD-0445,2024-09-13,Jump Rope,Sports,9,12,5,102.6,36,66.6,VIP,North,Online,Bank Transfer,Completed
ORD-0446,2024-03-12,Stainless Bottle,Home & Kitchen,4,28,25,84.0,40,44.0,Returning,South,In-Store,Bank Transfer,Completed
ORD-0447,2025-01-08,Water Bottle 1L,Sports,10,15,25,112.5,50,62.5,New,East,In-Store,Credit Card,Completed
ORD-0448,2024-05-17,Denim Jacket,Clothing,7,80,15,476.0,245,231.0,Returning,East,In-Store,Bank Transfer,Completed
ORD-0449,2024-03-24,Bamboo Cutting Board,Home & Kitchen,9,22,25,148.5,72,76.5,VIP,East,Online,PayPal,Completed
ORD-0450,2024-02-01,Wireless Mouse,Electronics,1,49,0,49.0,25,24.0,New,West,Mobile App,Credit Card,Completed
ORD-0451,2024-06-01,LED Desk Lamp,Home & Kitchen,9,45,0,405.0,162,243.0,New,East,In-Store,Cash,Completed
ORD-0452,2025-05-29,Cookbook Deluxe,Books,9,42,15,321.3,162,159.3,New,North,Mobile App,PayPal,Cancelled
ORD-0453,2024-05-29,Resistance Bands,Sports,8,19,25,114.0,64,50.0,New,West,In-Store,PayPal,Cancelled
ORD-0454,2024-02-13,Data Science 101,Books,2,49,10,88.2,40,48.2,Returning,South,Mobile App,Bank Transfer,Completed
ORD-0455,2024-11-27,Python Programming,Books,1,39,0,39.0,15,24.0,VIP,North,Mobile App,Cash,Cancelled
ORD-0456,2025-01-20,LED Desk Lamp,Home & Kitchen,9,45,0,405.0,162,243.0,VIP,West,In-Store,Credit Card,Completed
ORD-0457,2024-12-27,Bamboo Cutting Board,Home & Kitchen,4,22,0,88.0,32,56.0,Returning,East,In-Store,Credit Card,Completed
ORD-0458,2024-10-14,Wool Scarf,Clothing,3,29,25,65.25,36,29.25,New,South,Online,PayPal,Completed
ORD-0459,2024-12-04,Yoga Mat,Sports,4,29,0,116.0,48,68.0,VIP,North,In-Store,Bank Transfer,Completed
ORD-0460,2025-02-24,Slim Chinos,Clothing,3,55,0,165.0,60,105.0,New,North,Online,PayPal,Completed
ORD-0461,2024-02-10,Resistance Bands,Sports,3,19,0,57.0,24,33.0,New,South,Online,Cash,Completed
ORD-0462,2024-01-20,Jump Rope,Sports,10,12,0,120.0,40,80.0,New,East,Online,Bank Transfer,Completed
ORD-0463,2024-05-26,Machine Learning,Books,3,59,20,141.6,75,66.6,VIP,South,Mobile App,Cash,Completed
ORD-0464,2024-08-23,Bamboo Cutting Board,Home & Kitchen,10,22,0,220.0,80,140.0,New,West,In-Store,Credit Card,Completed
ORD-0465,2024-06-02,Slim Chinos,Clothing,9,55,0,495.0,180,315.0,Returning,North,Online,Credit Card,Cancelled
ORD-0466,2024-01-02,Foam Roller,Sports,2,34,10,61.2,30,31.2,Returning,West,Mobile App,Cash,Cancelled
ORD-0467,2025-01-25,Laptop Stand,Electronics,7,69,20,386.4,245,141.4,VIP,East,Mobile App,Credit Card,Completed
ORD-0468,2024-03-26,Running Shoes,Clothing,8,95,0,760.0,240,520.0,VIP,East,Mobile App,Bank Transfer,Completed
ORD-0469,2024-04-30,Cotton T-Shirt,Clothing,1,25,0,25.0,10,15.0,VIP,North,In-Store,PayPal,Returned
ORD-0470,2024-09-16,Bamboo Cutting Board,Home & Kitchen,6,22,20,105.6,48,57.6,Returning,East,Mobile App,Cash,Completed
ORD-0471,2025-05-09,Bamboo Cutting Board,Home & Kitchen,4,22,0,88.0,32,56.0,VIP,South,In-Store,Bank Transfer,Completed
ORD-0472,2025-02-11,LED Desk Lamp,Home & Kitchen,6,45,0,270.0,108,162.0,New,South,Mobile App,PayPal,Completed
ORD-0473,2024-12-12,Cotton T-Shirt,Clothing,4,25,0,100.0,40,60.0,Returning,North,Online,Credit Card,Cancelled
ORD-0474,2025-03-21,Bluetooth Speaker,Electronics,8,79,0,632.0,320,312.0,Returning,North,Online,PayPal,Completed
ORD-0475,2025-02-14,Laptop Stand,Electronics,1,69,0,69.0,35,34.0,VIP,East,Mobile App,Credit Card,Cancelled
ORD-0476,2024-10-19,Wool Scarf,Clothing,8,29,25,174.0,96,78.0,VIP,South,Online,PayPal,Completed
ORD-0477,2024-06-10,Cotton T-Shirt,Clothing,6,25,5,142.5,60,82.5,Returning,North,In-Store,Cash,Returned
ORD-0478,2024-03-11,Machine Learning,Books,10,59,5,560.5,250,310.5,Returning,North,Mobile App,Cash,Completed
ORD-0479,2025-04-10,Stainless Bottle,Home & Kitchen,10,28,0,280.0,100,180.0,New,West,Mobile App,Cash,Completed
ORD-0480,2025-05-30,Cookbook Deluxe,Books,2,42,0,84.0,36,48.0,New,East,In-Store,Cash,Completed
ORD-0481,2025-05-10,Water Bottle 1L,Sports,8,15,0,120.0,40,80.0,Returning,South,In-Store,Bank Transfer,Completed
ORD-0482,2024-08-13,HDMI Cable 6ft,Electronics,2,18,20,28.8,16,12.8,Returning,South,In-Store,Cash,Completed
ORD-0483,2025-02-12,Yoga Mat,Sports,5,29,5,137.75,60,77.75,VIP,East,Online,PayPal,Completed
ORD-0484,2024-10-02,Chef Knife Set,Home & Kitchen,4,75,0,300.0,120,180.0,VIP,South,Mobile App,PayPal,Completed
ORD-0485,2024-07-30,Denim Jacket,Clothing,4,80,0,320.0,140,180.0,New,South,Online,Cash,Completed
ORD-0486,2025-05-19,Wireless Mouse,Electronics,2,49,0,98.0,50,48.0,New,North,Mobile App,Bank Transfer,Completed
ORD-0487,2024-10-08,Water Bottle 1L,Sports,8,15,0,120.0,40,80.0,VIP,West,Online,Cash,Completed
ORD-0488,2025-05-04,Slim Chinos,Clothing,3,55,20,132.0,60,72.0,Returning,North,Mobile App,Bank Transfer,Cancelled
ORD-0489,2025-04-16,Wool Scarf,Clothing,2,29,0,58.0,24,34.0,New,East,Mobile App,Credit Card,Returned
ORD-0490,2024-09-22,Wool Scarf,Clothing,10,29,15,246.5,120,126.5,Returning,South,Mobile App,PayPal,Completed
ORD-0491,2025-05-25,Cookbook Deluxe,Books,6,42,0,252.0,108,144.0,Returning,West,Online,Cash,Completed
ORD-0492,2024-08-22,Business Strategy,Books,8,35,10,252.0,96,156.0,Returning,North,Mobile App,PayPal,Completed
ORD-0493,2025-04-29,Machine Learning,Books,4,59,10,212.4,100,112.4,Returning,North,Online,Bank Transfer,Completed
ORD-0494,2024-11-03,Foam Roller,Sports,6,34,0,204.0,90,114.0,VIP,East,Mobile App,Credit Card,Completed
ORD-0495,2025-05-02,Bluetooth Speaker,Electronics,1,79,15,67.15,40,27.15,VIP,North,In-Store,Cash,Completed
ORD-0496,2024-09-20,Chef Knife Set,Home & Kitchen,9,75,0,675.0,270,405.0,Returning,East,Online,Credit Card,Completed
ORD-0497,2024-06-27,Resistance Bands,Sports,10,19,0,190.0,80,110.0,Returning,East,In-Store,Bank Transfer,Cancelled
ORD-0498,2025-04-19,Python Programming,Books,7,39,0,273.0,105,168.0,VIP,South,Online,Cash,Completed
ORD-0499,2024-03-14,Foam Roller,Sports,7,34,0,238.0,105,133.0,Returning,North,Online,PayPal,Completed
ORD-0500,2025-02-08,Chef Knife Set,Home & Kitchen,5,75,0,375.0,150,225.0,Returning,East,In-Store,Bank Transfer,Completed
